{
	"diesel": {"GHG":1132.195518, "NOx": 1.755457, "PM10": 0.179953, "PM2.5": 0.148112, "PMunspecified": 0, "SOx": 1.221841, "CO": 0.746727},
	"gas": {"GHG":1219.663764, "NOx": 1.818254, "PM10": 0.190671, "PM2.5": 0.156684, "PMunspecified": 0, "SOx": 1.292268, "CO": 0.782360}
}