{
	"pg":{"GHG":193.931792, "NOx": 1.094136, "PM10": 0.117261, "PM2.5": 0.080279, "PMunspecified": 0.322919, "SOx": 0.874046, "CO": 14.368091},
	"m2g":{"GHG":-125.913000, "NOx": 12.798062, "PM10": 1.782663, "PM2.5": 0.145131, "PMunspecified": 1.522885, "SOx": 7.919265, "CO": 12.939880},
	"pd":{"GHG":176.865794, "NOx": 0.997852, "PM10": 0.106942, "PM2.5": 0.073214, "PMunspecified": 0.294502, "SOx": 0.797130, "CO": 13.103699},
	"ft":{"GHG":-45.093642, "NOx": 20.329241, "PM10": 0.239738, "PM2.5": 0.117015, "PMunspecified": 3.220485, "SOx": 14.669704, "CO": 24.316319}
}