{
	"cropres":{"GHG":24.4990653, "NOx": 0.1885354, "PM10": 0.0189591, "PM2.5": 0.0182168, "PMunspecified": 0, "SOx": 0.0094449, "CO": 0.1142861},
	"forestres":{"GHG":14.4829451, "NOx": 0.1114552, "PM10": 0.0112079, "PM2.5": 0.0107691, "PMunspecified": 0, "SOx": 0.0055835, "CO": 0.0675618},
	"scrapwood":{"GHG":32.9729968, "NOx": 0.0407042, "PM10": 0.0058945, "PM2.5": 0.0039997, "PMunspecified": 0, "SOx": 0.0411276, "CO": 0.0294132}
}