{"road":{"GHG":0.1313822329, "NOx": 0.0001849496, "PM10": 0.0000080143, "PM2.5": 0.0000066344, "PMunspecified": 0, "SOx": 0.0000532700, "CO": 0.0000641468},
 "rail":{"GHG":0.020000000, "NOx": 0.000152000, "PM10": 0.000004520, "PM2.5": 0.000004410, "PMunspecified": 0, "SOx": 0.000004440, "CO": 0.000031200}, 
 "pipe":{"GHG":0.00844546, "NOx": 0.00001043, "PM10": 0.00000151, "PM2.5": 0.00000102, "PMunspecified": 0, "SOx": 0.00001053, "CO": 0.00000753}, 
 "terminal":{"GHG":0, "NOx": 0, "PM10": 0, "PM2.5": 0, "PMunspecified": 0, "SOx": 0, "CO": 0}}